feature,shap_importance
perimeter_worst,0.11106415898793817
area_worst,0.10881715283914248
concave points_worst,0.10631094702388058
concave points_mean,0.07582180497491367
concavity_worst,0.024212200667656024
texture_worst,0.02386270351534425
area_se,0.020737845201807187
texture_mean,0.015899857556272785
smoothness_worst,0.011952090761861668
compactness_se,0.0016372483119898985
fractal_dimension_se,0.0011531694442541499
compactness_worst,0.0010132451326031317
