feature,mean_importance
fractal_dimension_se,0.0006440139091975772
compactness_worst,0.0012025331224053998
compactness_se,0.0024783966694622963
smoothness_worst,0.01187152750508641
texture_mean,0.01770433974662905
texture_worst,0.019525984398029005
concavity_worst,0.05849846572997762
area_se,0.07385540069415027
concave points_mean,0.08114145474737658
perimeter_worst,0.1387224405749218
area_worst,0.15806579328217654
concave points_worst,0.16097522699552086
