feature,shap_importance
concave points_mean,0.11846756858502311
area_worst,0.11739616796857823
perimeter_worst,0.08756753219641958
concave points_worst,0.0747178049927405
concavity_worst,0.0425503290574057
area_se,0.026037353683791488
texture_worst,0.014082803291653042
texture_mean,0.011681333528331941
compactness_worst,0.010135100899796478
smoothness_worst,0.004290523635545955
compactness_se,0.0016797516464048213
fractal_dimension_se,0.0012844075464312798
