feature,mean_importance
compactness_se,-0.0002758895655314564
fractal_dimension_se,0.0008387404734478243
compactness_worst,0.007282682699087229
smoothness_worst,0.009642149515290313
texture_worst,0.017263945713967797
texture_mean,0.03430598689771721
area_se,0.05931055343817143
concave points_mean,0.07379173300361778
concavity_worst,0.10362215804009074
perimeter_worst,0.10769281655094323
area_worst,0.145256745344706
concave points_worst,0.15262931309604638
