feature,shap_importance
concave points_worst,0.1666724672479649
area_worst,0.09714316749591707
perimeter_worst,0.08843043218576276
concave points_mean,0.07810621200815439
area_se,0.04358112015202322
concavity_worst,0.022359399224226424
texture_worst,0.012567457267887288
texture_mean,0.010324109783655912
fractal_dimension_se,0.003645305052433119
smoothness_worst,0.00167445282691121
compactness_worst,0.0007439528775193048
compactness_se,0.00034406896914163803
