feature,mean_importance
compactness_worst,-0.00020528194136625876
fractal_dimension_se,-0.00017553786045906294
compactness_se,0.0004812650338389124
smoothness_worst,0.0009157433022231154
texture_mean,0.021884904935801502
texture_worst,0.03350705549974371
concave points_mean,0.05508689945621107
concavity_worst,0.05739663185511399
area_se,0.06343738929937053
perimeter_worst,0.07221665148881677
concave points_worst,0.1272754689095647
area_worst,0.13224482744362565
