feature,mean_importance
fractal_dimension_se,-3.8502498906051175e-05
smoothness_worst,0.0009914509663338123
compactness_se,0.0020843186991025666
compactness_worst,0.007826210399085941
texture_mean,0.01589092438029314
texture_worst,0.01701801846046272
area_se,0.057040213677330864
concavity_worst,0.0776703673438014
perimeter_worst,0.09430676208135695
concave points_mean,0.09459562695052233
concave points_worst,0.11042011101507279
area_worst,0.12449950466476715
