feature,shap_importance
area_worst,0.12321810287263393
perimeter_worst,0.09869869789866953
concave points_worst,0.0961746924806008
concave points_mean,0.07642549050761167
concavity_worst,0.03549278867163835
texture_mean,0.028124565601517233
area_se,0.024195639850209078
texture_worst,0.01735909198005027
smoothness_worst,0.005570762487718023
compactness_worst,0.0052780031161183145
fractal_dimension_se,0.0010807308084800934
compactness_se,0.0005211005683828435
