feature,mean_importance
fractal_dimension_mean,-0.0028125550277421584
area_worst,-0.0020535755694350787
compactness_mean,-0.0006250864995972188
radius_mean,-0.0003107958111692899
symmetry_mean,-3.975284861071904e-05
concavity_mean,-2.5568423957070262e-05
perimeter_mean,0.0
area_mean,0.0
smoothness_se,7.370963199609948e-06
concavity_se,8.088832173276939e-05
texture_se,0.0006399550910710427
symmetry_se,0.0007388325317708
fractal_dimension_worst,0.000743822083698914
fractal_dimension_se,0.0010288907034213036
perimeter_se,0.0011970449658110726
compactness_se,0.0018167028611745044
radius_worst,0.0018935171947540603
concave points_se,0.0021862047839471517
compactness_worst,0.0026135381779578692
radius_se,0.0027082835625418826
concave points_mean,0.002809182575301211
symmetry_worst,0.004641932349323349
texture_mean,0.006052350275328053
smoothness_mean,0.013972826598431257
smoothness_worst,0.02299809875788495
area_se,0.03468686907743926
perimeter_worst,0.04685905922067297
concavity_worst,0.048960929497638174
texture_worst,0.07638137573841959
concave points_worst,0.08489713121972539
