feature,shap_importance
concave points_worst,0.18556068718850455
perimeter_worst,0.14576968543474195
radius_worst,0.0723345184662217
area_worst,0.0667789751079042
texture_worst,0.009891765483223661
texture_mean,0.009528442308990134
smoothness_worst,0.007910866040502779
symmetry_worst,0.0022067449850770205
symmetry_se,0.0011603747619009478
compactness_se,0.0
