feature,mean_importance
compactness_se,-0.00019026403464934561
symmetry_se,1.2977651871912133e-05
texture_worst,0.008201290582504506
smoothness_worst,0.008860680773704027
symmetry_worst,0.03200201084982375
texture_mean,0.03770667545784233
radius_worst,0.06412755587002272
area_worst,0.11735292363549976
perimeter_worst,0.1433799371627399
concave points_worst,0.2190874352207622
