feature,shap_importance
perimeter_worst,0.16708021480890387
area_worst,0.12502413655848071
concave points_worst,0.09780140843981174
radius_worst,0.06846043558804583
symmetry_worst,0.024160369489141315
texture_mean,0.019602762183490226
texture_worst,0.009439599783575194
smoothness_worst,0.006480147666079851
symmetry_se,0.0008127271790398074
compactness_se,0.0004471320993462994
