feature,shap_importance
concave points_worst,0.1785547412789519
perimeter_worst,0.1599807863414234
area_worst,0.10877518556752255
radius_worst,0.03462742890386755
symmetry_worst,0.010915932712252158
texture_mean,0.010912834966368953
texture_worst,0.00446542870128771
smoothness_worst,0.003242954828536743
compactness_se,0.0010125170793940262
symmetry_se,0.0007284243032803087
