feature,mean_importance
compactness_se,-0.0008463705766641571
symmetry_se,0.00022671890682803285
texture_worst,0.011076063819653809
smoothness_worst,0.014836552728119307
symmetry_worst,0.018422716647912472
texture_mean,0.04368872314824452
area_worst,0.05967849755385581
radius_worst,0.07013410777620233
concave points_worst,0.15737292250363294
perimeter_worst,0.18241464045133296
