feature,shap_importance
perimeter_worst,0.1910874324098356
concave points_worst,0.12569217828131463
radius_worst,0.0757634592984164
area_worst,0.04609093083631547
texture_mean,0.03743195968562764
symmetry_worst,0.017462667126466245
texture_worst,0.009798131731343208
smoothness_worst,0.007123367610889488
compactness_se,0.001870425624578432
symmetry_se,0.0008260753844378807
