feature,shap_importance
concave points_worst,0.12571488095068487
perimeter_worst,0.11981468975696517
area_worst,0.10509524434447627
radius_worst,0.09746060995831804
texture_mean,0.022991189374260992
symmetry_worst,0.01324117735410085
texture_worst,0.007766500813018611
smoothness_worst,0.006400778925803196
compactness_se,0.0
symmetry_se,0.0
