feature,mean_importance
symmetry_worst,-0.0035737004837351092
compactness_se,-0.000349464504556013
symmetry_se,2.2204460492503132e-17
smoothness_worst,0.004314382447081372
texture_worst,0.008873121965646092
texture_mean,0.02442935035661097
radius_worst,0.05713851194229717
area_worst,0.14884470852398385
perimeter_worst,0.17298679551840399
concave points_worst,0.283868499066839
