feature,mean_importance
concave points_mean,-0.0004051126311005127
smoothness_mean,-0.00021310276392662308
fractal_dimension_se,-0.00012335065921349753
texture_mean,0.0002722767149008681
concave points_worst,0.0016142403372900321
smoothness_worst,0.0020210984811628724
concavity_worst,0.008690056619869805
area_mean,0.00873454649194752
radius_worst,0.013433075961552975
texture_worst,0.06901235210072101
area_se,0.09705419845599259
area_worst,0.1259512810654399
perimeter_worst,0.3775781660029199
