feature,mean_importance
area_mean,-0.0038188884330650095
smoothness_mean,-0.0009266677697817638
fractal_dimension_se,4.135944260136304e-05
concave points_mean,0.0027136621189645495
smoothness_worst,0.004805570371132472
concave points_worst,0.009443180711076655
texture_mean,0.023228134988574612
texture_worst,0.032798326102781716
concavity_worst,0.04714332622273482
area_se,0.05361516245566507
radius_worst,0.07400878629013533
area_worst,0.1993239342923881
perimeter_worst,0.4190246363603741
