feature,mean_importance
smoothness_mean,-0.0004377373533117901
fractal_dimension_se,-1.2925770260013847e-05
concave points_mean,0.0019934368892030206
smoothness_worst,0.0028120146558575864
concave points_worst,0.0041642100436271035
area_mean,0.009516468783533395
concavity_worst,0.02186743068053342
texture_mean,0.026388086941236556
area_se,0.04774256837733412
radius_worst,0.07305978403075475
texture_worst,0.07874455008021417
area_worst,0.2105350699844606
perimeter_worst,0.4134928560546012
