feature,mean_importance
fractal_dimension_se,0.0001848580764948371
texture_mean,0.001386391547017346
smoothness_mean,0.001977060096953298
concave points_mean,0.004034554012317904
smoothness_worst,0.004292774741568539
texture_worst,0.00774083658423127
concave points_worst,0.012905996280951893
area_mean,0.02639425084428208
concavity_worst,0.06026003800677664
area_se,0.0683569679607338
area_worst,0.1484862723322519
radius_worst,0.17136099165486623
perimeter_worst,0.2113344070667867
