feature,mean_importance
fractal_dimension_se,-0.00010066812683608428
smoothness_mean,0.0011247533224959527
smoothness_worst,0.002273839927087906
concave points_mean,0.0032233521762080495
concave points_worst,0.006959333724903888
concavity_worst,0.029552127163922276
texture_mean,0.038564526477976174
texture_worst,0.05603637141731388
area_se,0.07693009933424634
area_mean,0.08742152065639101
radius_worst,0.181513948409049
area_worst,0.1940329059340495
perimeter_worst,0.21973591097443093
