feature,mean_importance
fractal_dimension_se,-5.8151156317537425e-05
smoothness_worst,8.422605241813486e-05
smoothness_mean,8.913118637303708e-05
concave points_mean,0.0001528074796318113
concave points_worst,0.001581709632364653
concavity_worst,0.00762853112277137
texture_mean,0.019685704649257806
area_mean,0.022618146289574547
area_worst,0.026728664422618908
perimeter_worst,0.02970248717475938
radius_worst,0.03963740938094225
texture_worst,0.043284138743731784
area_se,0.11315932392513564
