feature,mean_importance
fractal_dimension_se,3.4943560054534474e-05
smoothness_mean,0.00020694317661069107
smoothness_worst,0.0006364143917304554
concave points_mean,0.0009929580407857796
concave points_worst,0.004513383500480167
concavity_worst,0.020990448317737637
area_se,0.021457121347554352
texture_worst,0.023936310078676314
texture_mean,0.026109026633872386
area_mean,0.047992702469993036
area_worst,0.09207268140827314
radius_worst,0.09354868551401778
perimeter_worst,0.09829081003603868
