feature,mean_importance
area_mean,-0.002751064345642379
fractal_dimension_se,3.8128244458257576e-05
smoothness_mean,0.0010974432777859865
concave points_worst,0.0011711232443214592
concave points_mean,0.0011729016790309077
smoothness_worst,0.002172112052536679
texture_mean,0.021161632630313666
concavity_worst,0.03233135752762977
texture_worst,0.03626936972302529
area_se,0.0447956438215462
radius_worst,0.11413815811395403
area_worst,0.12089671869955283
perimeter_worst,0.16077777019517867
