feature,mean_importance
perimeter_worst,-0.0107117482458296
concave points_mean,-0.005574121294365087
fractal_dimension_se,-0.0052657876297941
concavity_worst,-0.0009345803187256086
compactness_worst,0.0007421122061307906
smoothness_worst,0.005726108898764809
compactness_se,0.013461522509973945
texture_mean,0.02285585282884046
area_se,0.04772613373489175
texture_worst,0.05838137950638639
concave points_worst,0.09583131720962497
area_worst,0.19722706858520672
