feature,shap_importance
perimeter_worst,1.7842823266983032
concave points_worst,1.1726728677749634
area_se,1.1638563871383667
compactness_se,0.9761834740638733
smoothness_worst,0.8962666392326355
concave points_mean,0.8925327062606812
area_worst,0.875140905380249
texture_mean,0.7128215432167053
texture_worst,0.6534565091133118
concavity_worst,0.4689735472202301
compactness_worst,0.13117966055870056
fractal_dimension_se,0.0972597599029541
