feature,mean_importance
concavity_worst,-0.004884777377412638
area_worst,-0.004763588965759161
compactness_worst,0.0004649686067012437
fractal_dimension_se,0.0025776626342934954
concave points_mean,0.002608750123694978
compactness_se,0.01705628217364018
concave points_worst,0.028101128717406776
smoothness_worst,0.04190690015703748
perimeter_worst,0.041911878867677464
area_se,0.04336127230847042
texture_worst,0.05138195023971255
texture_mean,0.057013970406431545
