feature,mean_importance
compactness_worst,-0.005632571928470174
fractal_dimension_se,-0.0020276379483573906
compactness_se,0.005591063770561426
smoothness_worst,0.009477992970564897
concave points_mean,0.0146632202891359
perimeter_worst,0.018081598246285198
concave points_worst,0.021800300886833983
texture_mean,0.023839417676174302
concavity_worst,0.030428867739015802
texture_worst,0.05321183041220887
area_worst,0.05716250810559893
area_se,0.05726446164374732
