feature,mean_importance
fractal_dimension_se,0.0007018055040252339
compactness_worst,0.0018881681132102938
texture_mean,0.002874845693038558
concavity_worst,0.005931262981475273
smoothness_worst,0.006769706868388526
compactness_se,0.025975099242744305
perimeter_worst,0.03335796962108682
concave points_mean,0.04753837364938055
area_se,0.0610653641393326
texture_worst,0.07460605149855838
concave points_worst,0.09719976835719804
area_worst,0.17681409735123021
