feature,mean_importance
compactness_worst,-0.00023907292412506665
fractal_dimension_se,0.00022671522040451086
compactness_se,0.0020627502418522235
concavity_worst,0.00720738239275911
smoothness_worst,0.010057898668483601
area_se,0.011390199813814377
concave points_mean,0.015405067832519603
texture_worst,0.016799763264134515
texture_mean,0.018854868298928646
concave points_worst,0.03965185046240331
perimeter_worst,0.06279859271876158
area_worst,0.06979439047697397
