feature,mean_importance
fractal_dimension_se,3.763447024667799e-05
smoothness_worst,0.002029532465260153
compactness_se,0.002115228786462059
compactness_worst,0.0049635945905794785
texture_mean,0.015340579129748722
texture_worst,0.018257099310489265
area_se,0.05029683959006379
concavity_worst,0.07627510811939608
perimeter_worst,0.08780751252043137
concave points_worst,0.09963236974930136
concave points_mean,0.11392423646321632
area_worst,0.12347862615263931
