feature,mean_importance
fractal_dimension_se,-0.00018128973348524035
compactness_worst,-0.0001224776948851647
compactness_se,0.0004556924574394827
smoothness_worst,0.0008982880786503278
texture_mean,0.01870839117128371
texture_worst,0.032279321099629076
concavity_worst,0.04540174678030966
area_se,0.051867989785970216
concave points_mean,0.051905128383901974
perimeter_worst,0.08570430198802483
area_worst,0.12459196648339307
concave points_worst,0.1254459761623728
