feature,mean_importance
smoothness_worst,-0.00013833989766395827
compactness_se,0.0
fractal_dimension_se,0.0002987462245012673
texture_worst,0.0028998883238783415
compactness_worst,0.00651280136132219
texture_mean,0.018938920323849064
concavity_worst,0.03311865426536138
perimeter_worst,0.05861445410866813
concave points_mean,0.06718814049982001
area_se,0.1339237873553546
concave points_worst,0.14390627709171616
area_worst,0.14846264842408502
