feature,shap_importance
area_worst,0.11956305353218549
perimeter_worst,0.10529012409848457
concave points_worst,0.09134249634305357
concave points_mean,0.07530359916534464
concavity_worst,0.03678233228838891
texture_mean,0.026176568248762615
area_se,0.022401708209879214
texture_worst,0.016992018668694427
compactness_worst,0.006865875485119188
smoothness_worst,0.006045102155784491
fractal_dimension_se,0.0008735606132625637
compactness_se,0.0
