feature,mean_importance
fractal_dimension_se,0.0003179751178512019
compactness_se,0.001056081512895521
compactness_worst,0.003449095220932996
smoothness_worst,0.01191703547678136
texture_mean,0.016592984865644197
texture_worst,0.020804545434428567
concavity_worst,0.05300910672764838
area_se,0.06345069980230433
concave points_mean,0.07986077186023502
perimeter_worst,0.13822782285233287
area_worst,0.15265679247224578
concave points_worst,0.15592469182571475
