feature,shap_importance
perimeter_worst,0.11453734044466661
area_worst,0.10816958211286282
concave points_worst,0.10350662024555296
concave points_mean,0.07602942109729335
texture_worst,0.024762573138416757
concavity_worst,0.023418106692747676
area_se,0.018877777383368783
texture_mean,0.014493548395305296
smoothness_worst,0.012511375274464243
compactness_worst,0.0022038825690024453
fractal_dimension_se,0.001350340633044261
compactness_se,0.0009401494608511985
