feature,shap_importance
concave points_mean,0.12281083180182807
area_worst,0.11031543206621497
perimeter_worst,0.1002571650383936
concave points_worst,0.06895893666233047
concavity_worst,0.0434027434554536
area_se,0.020763858550561846
texture_worst,0.014756217353949042
texture_mean,0.011381013295558422
compactness_worst,0.009456796152025585
smoothness_worst,0.00435031465749335
compactness_se,0.0016424820250227402
fractal_dimension_se,0.0010518177969442394
