feature,shap_importance
concave points_worst,0.1648399343370192
perimeter_worst,0.0981160065303758
area_worst,0.09475052835610795
concave points_mean,0.07963021178217025
area_se,0.038426784768933867
concavity_worst,0.01861550510624282
texture_worst,0.012672793905639983
texture_mean,0.009124937380489535
fractal_dimension_se,0.0036423252465561883
smoothness_worst,0.001685352538329395
compactness_worst,0.0005071114923603467
compactness_se,0.00034406896914163803
