feature,mean_importance
fractal_dimension_se,-0.00019380027312646542
compactness_se,1.1102230246251566e-17
compactness_worst,0.007295717034821065
texture_mean,0.007368738082180176
smoothness_worst,0.00907235593016617
texture_worst,0.012878601381167521
concavity_worst,0.03856701578366113
concave points_worst,0.05580140728085621
area_worst,0.07499038740264179
area_se,0.08947882898517914
concave points_mean,0.10341422728905103
perimeter_worst,0.14428855778385974
