feature,mean_importance
compactness_se,-5.551115123125783e-18
fractal_dimension_se,0.0019083773093710732
smoothness_worst,0.0020356125081741282
compactness_worst,0.0038310851325088434
texture_worst,0.011378440378049155
concavity_worst,0.019040658113453825
texture_mean,0.021821855188459544
concave points_mean,0.060853736466518336
area_se,0.06590332505647874
perimeter_worst,0.06818859913694036
concave points_worst,0.12026364436926913
area_worst,0.1207944838037791
