feature,mean_importance
compactness_se,2.7755575615628914e-17
compactness_worst,0.00013970692982533394
fractal_dimension_se,0.0005314805088050434
smoothness_worst,0.0008511706178421008
texture_mean,0.006760991172497277
concave points_mean,0.028395315936915678
concavity_worst,0.029002299616443333
texture_worst,0.033493650979877956
area_se,0.07327590163083794
perimeter_worst,0.08342591438613445
concave points_worst,0.08615444942045007
area_worst,0.11180224439108744
