feature,mean_importance
fractal_dimension_se,0.0002787616693553208
compactness_se,0.0003016550864300582
compactness_worst,0.006879596154637635
smoothness_worst,0.006995461525328128
texture_mean,0.012713625665581102
texture_worst,0.01895810085394258
concavity_worst,0.03769833838781534
area_se,0.06883373577541381
concave points_mean,0.07512587536283734
concave points_worst,0.09516600849308528
area_worst,0.14807129419019516
perimeter_worst,0.16908716186404785
