feature,shap_importance
concave points_mean,0.13809758380288673
perimeter_worst,0.12346087326039908
area_worst,0.09058969445436521
concave points_worst,0.045793581383734315
area_se,0.03588657806530851
concavity_worst,0.031495260626339366
texture_worst,0.010726572593500619
texture_mean,0.00838614036533447
smoothness_worst,0.008345108080441598
compactness_worst,0.005250959003285878
fractal_dimension_se,0.00036473251782291724
compactness_se,0.0
