feature,shap_importance
perimeter_worst,0.13305678888573355
area_worst,0.10507581347026214
concave points_worst,0.08586518710180269
concave points_mean,0.07762239789828364
texture_worst,0.02547439277542497
concavity_worst,0.019581497213985177
area_se,0.01660631937865511
texture_mean,0.011220188071998883
smoothness_worst,0.010929989461441362
compactness_worst,0.005079383963443048
fractal_dimension_se,0.0014055619098559302
compactness_se,0.00010964145475108103
