feature,mean_importance
compactness_worst,-0.004755983204899275
fractal_dimension_se,-0.0013454412370029942
compactness_se,0.008515787971229977
smoothness_worst,0.010151847212315154
perimeter_worst,0.013957720931776907
concave points_mean,0.01486746728146339
texture_mean,0.021999013484370045
concave points_worst,0.025633892373007255
concavity_worst,0.03226244420337025
texture_worst,0.04930862957062131
area_se,0.05199118432742954
area_worst,0.07079664260284249
