feature,shap_importance
area_worst,1.5992966890335083
concave points_worst,1.2849855422973633
texture_worst,1.1659799814224243
perimeter_worst,1.0957638025283813
concave points_mean,0.7165130376815796
area_se,0.5886412858963013
smoothness_worst,0.4154529273509979
compactness_se,0.361126571893692
fractal_dimension_se,0.22366520762443542
concavity_worst,0.1800180971622467
texture_mean,0.1582893431186676
compactness_worst,0.04288208484649658
