feature,mean_importance
compactness_worst,-0.0009037578766722121
fractal_dimension_se,0.0012997523593228423
compactness_se,0.0013981897273056543
concavity_worst,0.006347594926843331
smoothness_worst,0.00841694170875209
area_se,0.010257717266324008
concave points_mean,0.013458413763770032
texture_worst,0.01502395452532384
texture_mean,0.020945688796096613
perimeter_worst,0.044366821240899815
concave points_worst,0.04508730005029412
area_worst,0.08442208218343909
