feature,mean_importance
perimeter_worst,-0.014917000324725543
concave points_mean,-0.006020671010003686
fractal_dimension_se,-0.004293289787122301
compactness_worst,0.0004294822588974012
concavity_worst,0.0012697370064116253
smoothness_worst,0.00903396786094699
compactness_se,0.013671324697857295
texture_mean,0.019361290557255217
area_se,0.05755863777183765
texture_worst,0.06291741086841178
concave points_worst,0.08655439369181885
area_worst,0.15436867458752684
