feature,mean_importance
fractal_dimension_se,0.0019781672006116886
texture_mean,0.002022607717389138
compactness_worst,0.002139794442337012
concavity_worst,0.005270216299686587
smoothness_worst,0.008110394606038055
compactness_se,0.018492264840067097
concave points_mean,0.04032414466361789
perimeter_worst,0.04607429609880509
area_se,0.0630312508628156
texture_worst,0.0670215150507797
concave points_worst,0.10903278185903809
area_worst,0.14598197993151296
