feature,mean_importance
concavity_worst,-0.003810962673399927
concave points_mean,-0.002368709231120783
area_worst,-9.249372358146463e-05
compactness_worst,0.0014485201897845995
fractal_dimension_se,0.003760066590004818
compactness_se,0.013326765492435213
concave points_worst,0.027653500074109827
smoothness_worst,0.037311722244844796
area_se,0.04188458384052329
perimeter_worst,0.04517162120909607
texture_worst,0.04712836577317348
texture_mean,0.05001233502123368
