feature,mean_importance
concavity_worst,-0.0054165937499269816
area_worst,-0.0004996343309347298
compactness_worst,0.001343391617402262
concave points_mean,0.0013721834480683772
fractal_dimension_se,0.00395396061259175
compactness_se,0.024124954945210077
perimeter_worst,0.03200407003162957
concave points_worst,0.035178384015615696
smoothness_worst,0.04019651200850871
area_se,0.04172463221829864
texture_worst,0.05271235384769064
texture_mean,0.057450352855448736
