feature,mean_importance
compactness_worst,-0.006865818108079322
fractal_dimension_se,-0.002044772038078755
compactness_se,0.008918594681548287
smoothness_worst,0.009941596282981614
perimeter_worst,0.014782125315721397
concave points_mean,0.015807128907592206
texture_mean,0.02583291260486209
concave points_worst,0.027097496428297535
concavity_worst,0.032851554123917596
texture_worst,0.050679260502339986
area_se,0.0516684194984298
area_worst,0.06454480241104169
