feature,mean_importance
fractal_dimension_se,-0.00010045704726294042
compactness_worst,0.0015224625902962613
texture_mean,0.002231060076258422
smoothness_worst,0.004736849492182955
concavity_worst,0.010629334295552009
compactness_se,0.026847812294932633
perimeter_worst,0.039450353898094315
concave points_mean,0.041331999209325974
area_se,0.06644910841803614
texture_worst,0.07240974389365876
concave points_worst,0.08260871084763066
area_worst,0.16256843241294572
