feature,mean_importance
perimeter_worst,-0.00867248169831275
concave points_mean,-0.006782991960370804
fractal_dimension_se,-0.004208129473674288
concavity_worst,0.0013800857722183978
compactness_worst,0.0016505584919222437
smoothness_worst,0.00861403026679694
compactness_se,0.012254641337306499
texture_mean,0.01981078861452474
area_se,0.059819893355974374
texture_worst,0.0609044512619456
concave points_worst,0.08539813241339286
area_worst,0.14970926185090586
