feature,mean_importance
concavity_worst,-0.0029153292521923004
compactness_worst,-0.0006385051224025828
concave points_mean,-2.0667904062143805e-05
fractal_dimension_se,0.0005157570362955888
concave points_worst,0.010465485290651926
texture_worst,0.012820304531487636
smoothness_worst,0.012885929704117149
compactness_se,0.013431750367523082
area_se,0.028348510018050943
perimeter_worst,0.028679503266799394
texture_mean,0.032034322971594524
area_worst,0.06752638775797096
