feature,mean_importance
compactness_se,-0.0007435968929857151
fractal_dimension_se,-3.190901346255409e-05
smoothness_worst,0.0011449634152882165
concave points_mean,0.001264664035113923
concave points_worst,0.004428076846388946
compactness_worst,0.005411288465465831
texture_mean,0.020315953694492433
concavity_worst,0.02480757348398945
texture_worst,0.07184368737150625
area_se,0.19396310054395338
area_worst,0.5077506049337962
perimeter_worst,0.7311030214118716
