feature,mean_importance
compactness_se,-0.00016126532478877854
fractal_dimension_se,2.6479784484390033e-06
concave points_mean,0.0010870769849637475
smoothness_worst,0.0017386025035724673
concave points_worst,0.004978280482729541
compactness_worst,0.013383204047733804
texture_mean,0.019502579293754575
concavity_worst,0.02129358893373225
texture_worst,0.03795489642684996
area_se,0.05738409346534564
area_worst,0.21517984468193502
perimeter_worst,0.2763724552450517
