feature,mean_importance
texture_worst,-0.03966461152744183
texture_mean,-0.006278365841081485
fractal_dimension_se,-1.550950656558081e-05
compactness_se,0.0007642196587307581
smoothness_worst,0.001387740622477407
concave points_mean,0.0038498820501335572
concave points_worst,0.007425519271929271
compactness_worst,0.008881947868011242
concavity_worst,0.030197873694686607
area_se,0.12530587964918652
area_worst,0.16016780718606238
perimeter_worst,0.2038691770100348
