feature,mean_importance
compactness_worst,-0.00044646577809989154
compactness_se,-3.2291097080305864e-05
fractal_dimension_se,-1.2159171641878963e-06
smoothness_worst,4.7501060013077635e-05
concave points_mean,0.0006391370972200661
concave points_worst,0.001310842869491613
area_se,0.00617653892591794
concavity_worst,0.0077001859619055145
texture_worst,0.0521769423577008
texture_mean,0.06002301681491118
area_worst,0.09383707680061244
perimeter_worst,0.11510700583746383
