feature,mean_importance
compactness_se,-0.00020897588715672183
fractal_dimension_se,-6.689562609962785e-07
concave points_mean,0.0007747190845832752
concave points_worst,0.0014667481489282624
smoothness_worst,0.002204734137474054
compactness_worst,0.01087926168986748
concavity_worst,0.01839615625955207
texture_mean,0.03306018040710666
texture_worst,0.13756914541989
area_se,0.2142187532469893
area_worst,0.39291969329183757
perimeter_worst,0.45627108554367346
