feature,mean_importance
smoothness_worst,-0.0030720348673170194
compactness_se,9.324082877659734e-05
symmetry_se,0.00021271271750729072
symmetry_worst,0.0006781990651184344
concave points_worst,0.004549203624288578
texture_mean,0.012300962265505533
texture_worst,0.03123594543474506
perimeter_worst,0.15968564755882775
area_worst,0.1729148269403146
radius_worst,0.1991275015370359
