feature,mean_importance
symmetry_se,0.0010161144322514623
compactness_se,0.0015288196956532926
smoothness_worst,0.005408299347643511
symmetry_worst,0.026168100871404188
concave points_worst,0.14916105066480906
texture_mean,0.21306964529691444
perimeter_worst,0.4397399319738534
texture_worst,0.5226194849953526
radius_worst,0.7458911693810093
area_worst,0.9742108271443488
