feature,mean_importance
compactness_se,-0.0007678235386821122
symmetry_se,-0.00013820286739426105
smoothness_worst,0.0012519017912249997
symmetry_worst,0.007450812733952169
concave points_worst,0.01629658409000053
texture_worst,0.1284437177119473
texture_mean,0.12872665481636258
area_worst,0.3378075256169336
radius_worst,0.3686438366127497
perimeter_worst,0.5543937132289664
