feature,mean_importance
compactness_se,-0.0022197332892762932
symmetry_se,-0.0003356490357047215
smoothness_worst,0.0008606313692163025
symmetry_worst,0.0027052391725954418
concave points_worst,0.0029320062980707773
texture_mean,0.07111673194302441
texture_worst,0.23669242564133725
area_worst,0.7594976057576643
perimeter_worst,0.9522473129941191
radius_worst,0.967451212250191
