feature,mean_importance
symmetry_se,0.0008229799090034462
compactness_se,0.0021946938510895133
smoothness_worst,0.006162135540097119
symmetry_worst,0.023329846525835814
concave points_worst,0.02459048359367203
texture_mean,0.0600864686864101
texture_worst,0.13788427332879277
area_worst,0.4486404093765688
radius_worst,0.6749651348124482
perimeter_worst,0.7323550124815814
