feature,mean_importance
compactness_se,-8.326672684688674e-17
fractal_dimension_se,-8.326672684688674e-17
smoothness_worst,0.010690194146557225
compactness_worst,0.017837421630674456
texture_worst,0.02494918031252911
area_se,0.04070727716897909
concave points_worst,0.04124230120484301
perimeter_worst,0.05215010068437431
concavity_worst,0.055414534780460455
texture_mean,0.06402497340624473
area_worst,0.1250723246060908
concave points_mean,0.15313208829342365
