feature,shap_importance
area_worst,0.11214089756390798
concave points_worst,0.1067335986543684
perimeter_worst,0.10580451197629127
concave points_mean,0.0826213777407087
concavity_worst,0.021679472454001356
texture_mean,0.020998721871975254
texture_worst,0.018026940550593798
area_se,0.013585778375581933
smoothness_worst,0.011432534755247773
compactness_worst,0.0005139471231034791
compactness_se,0.00037291800884531367
fractal_dimension_se,0.0003411932400000636
