feature,mean_importance
fractal_dimension_se,-0.00017818563607161219
compactness_se,-6.206763788745018e-05
compactness_worst,0.0011672411046369235
smoothness_worst,0.010572647903780468
texture_worst,0.012173771974676867
texture_mean,0.022297651602849577
concavity_worst,0.04424759928584397
area_se,0.04871391657187535
concave points_mean,0.07338966195747332
perimeter_worst,0.13361175647963502
concave points_worst,0.14070425227583297
area_worst,0.1743344600593006
