feature,shap_importance
perimeter_worst,0.1200731014653372
area_worst,0.11909494180717317
concave points_worst,0.07446650628557207
concave points_mean,0.06762418713694528
concavity_worst,0.03649636714606019
area_se,0.030315122677458624
texture_worst,0.026825909818113558
texture_mean,0.02541759394865301
smoothness_worst,0.006811108750668439
compactness_worst,0.004747531336578788
fractal_dimension_se,0.001471310595268936
compactness_se,0.0003204072394275403
