feature,mean_importance
compactness_se,5.551115123125783e-18
smoothness_worst,0.0011567984619544058
compactness_worst,0.0037146495144660284
fractal_dimension_se,0.004128645527954894
texture_mean,0.014520872750695024
texture_worst,0.018937182633753713
concavity_worst,0.03237748766840491
concave points_mean,0.045755074614583294
perimeter_worst,0.08291359602376648
concave points_worst,0.10597524427511833
area_worst,0.14353248065516494
area_se,0.1527353754566589
