feature,mean_importance
compactness_se,-5.551115123125783e-18
compactness_worst,0.0013649656778296326
fractal_dimension_se,0.00162517757531766
smoothness_worst,0.0017651319440397718
texture_mean,0.009879534158113202
texture_worst,0.032701202033472127
concave points_mean,0.03513781792776256
concavity_worst,0.03998218515236553
perimeter_worst,0.08064359847798881
concave points_worst,0.0841378205360602
area_se,0.08729170798330407
area_worst,0.1175633980240707
