feature,mean_importance
fractal_dimension_se,-0.00017007849868751201
compactness_se,0.0004526134289042416
compactness_worst,0.008467448270439052
smoothness_worst,0.011856100146762517
texture_worst,0.02636799797513248
texture_mean,0.02965503113688526
concave points_mean,0.0824128019227502
area_se,0.08608253317792716
concavity_worst,0.08933645445581592
perimeter_worst,0.11705437980657844
concave points_worst,0.1372886229819333
area_worst,0.13826470303215324
