feature,shap_importance
concave points_worst,0.16623521622548856
perimeter_worst,0.09609253478172632
area_worst,0.09314196179360212
concave points_mean,0.06930720222722117
area_se,0.046689210544701765
concavity_worst,0.02627942555439578
texture_worst,0.014071784977280852
texture_mean,0.003993406220888855
smoothness_worst,0.0027561614551193663
fractal_dimension_se,0.0023361338074760446
compactness_worst,0.0019203792611052076
compactness_se,0.0
