feature,mean_importance
fractal_dimension_se,0.00043021417346180145
compactness_worst,0.0009184671322102933
compactness_se,0.0019737936565926402
concavity_worst,0.011706749067970496
texture_worst,0.014306220101767821
texture_mean,0.024950707079157888
smoothness_worst,0.025771604257854908
concave points_mean,0.025813972900950295
perimeter_worst,0.03456184849375859
area_se,0.038064939904793656
concave points_worst,0.0418779557272244
area_worst,0.0899678796553053
