feature,mean_importance
fractal_dimension_se,-0.00014488563229818064
compactness_worst,0.0
texture_worst,0.0009648592178044535
compactness_se,0.0010242257400282784
concavity_worst,0.0019261835409062178
smoothness_worst,0.009270468414095895
concave points_mean,0.01238789789356468
area_se,0.013066250839758481
concave points_worst,0.022670708430398777
texture_mean,0.03018912889861634
perimeter_worst,0.03555484997285974
area_worst,0.05135642871083247
