feature,mean_importance
compactness_worst,0.0006645376941956133
concavity_worst,0.002019104980178832
fractal_dimension_se,0.002528800832600711
compactness_se,0.005204812526045477
perimeter_worst,0.00866251516950262
concave points_mean,0.01607802774496924
area_se,0.01612155260819503
smoothness_worst,0.019125035820830173
area_worst,0.019674096819944677
texture_worst,0.025808120869401402
concave points_worst,0.04240042219815008
texture_mean,0.05884307116105715
