feature,shap_importance
concave points_worst,0.20153822709130417
perimeter_worst,0.14138605269786558
radius_worst,0.07194372109426284
area_worst,0.05792377307534504
texture_mean,0.009608313311392154
texture_worst,0.008035749270688484
smoothness_worst,0.007954894240261495
symmetry_worst,0.0022229523641862374
symmetry_se,0.0012007737361676724
compactness_se,0.0
