feature,shap_importance
concave points_worst,0.1846158345589158
perimeter_worst,0.16512656141995768
area_worst,0.1019270977430805
radius_worst,0.030365923364751655
texture_mean,0.009378058887878227
symmetry_worst,0.008597254401660816
texture_worst,0.004302098583450201
smoothness_worst,0.002144087941843245
symmetry_se,0.0007416198334719951
compactness_se,0.0005870960302530779
