feature,mean_importance
compactness_se,-2.7755575615628914e-17
symmetry_se,-2.7755575615628914e-17
radius_worst,-2.7755575615628914e-17
texture_worst,0.002667945665088148
smoothness_worst,0.028021410407501453
texture_mean,0.036408424108133094
symmetry_worst,0.11357295027203804
concave points_worst,0.13823100350140521
area_worst,0.16319018565562587
perimeter_worst,0.17174309713237584
