feature,shap_importance
perimeter_worst,0.1837268483485818
concave points_worst,0.1271335529428312
radius_worst,0.07784046663612676
area_worst,0.048882565501870145
texture_mean,0.03664175716061465
symmetry_worst,0.014899652098027464
texture_worst,0.007869571095721744
smoothness_worst,0.005246873997052604
compactness_se,0.0009481001328738078
symmetry_se,0.0009458475008329795
