feature,shap_importance
concave points_mean,0.14953991565484923
perimeter_worst,0.12104552967900692
concave points_worst,0.057083171207270945
concavity_worst,0.04503796637846052
area_mean,0.04316292253761362
area_se,0.040637402375673086
radius_worst,0.02957789331599305
area_worst,0.01518930751459703
texture_worst,0.008913055510047447
texture_mean,0.007838728047425018
smoothness_worst,0.003695065406999338
fractal_dimension_se,0.0027769388738782146
smoothness_mean,0.0
