feature,shap_importance
perimeter_worst,0.12856944804506937
concave points_mean,0.10550704497338378
concave points_worst,0.07717528233582797
concavity_worst,0.05207957893239912
area_worst,0.04044579404427192
area_se,0.03159009539628359
radius_worst,0.022701040795028462
area_mean,0.02097119535541535
texture_worst,0.00884547638087426
texture_mean,0.007805756359472883
smoothness_worst,0.006626621611051692
fractal_dimension_se,0.002506429770894718
smoothness_mean,0.002257285323092243
