feature,shap_importance
concave points_worst,0.16777944452826746
perimeter_worst,0.13845200520641016
concave points_mean,0.0699477484400009
area_worst,0.05252819882793328
concavity_worst,0.03342277938846081
texture_worst,0.013875255093871936
area_mean,0.013115967818425047
radius_worst,0.012213847545859247
smoothness_worst,0.005747404279473111
texture_mean,0.005080705961430063
area_se,0.0028634675067884044
smoothness_mean,0.00242844619882022
fractal_dimension_se,0.000600327680280732
