feature,shap_importance
perimeter_worst,0.12418413197564257
concave points_worst,0.12175499657357665
concave points_mean,0.06347603911217077
concavity_worst,0.05599055164338909
area_worst,0.04878392207146505
area_se,0.037506872310511793
area_mean,0.022639476928505795
radius_worst,0.012571322768214441
texture_worst,0.008157866528891155
smoothness_worst,0.006829412755521443
fractal_dimension_se,0.0036145541082533727
texture_mean,0.003021228391746112
smoothness_mean,0.0
