feature,mean_importance
radius_worst,-0.07766271047701089
area_mean,-0.039096798766307686
perimeter_worst,-0.022334308820101807
area_se,-0.007385380591986202
fractal_dimension_se,-0.0013217355663032837
area_worst,-0.0011658913963661422
smoothness_mean,0.0
concave points_mean,0.0017677633769247359
texture_mean,0.005229200635353759
texture_worst,0.011675831787368307
smoothness_worst,0.01268566563191902
concavity_worst,0.0514192310207444
concave points_worst,0.06529020613357597
