feature,mean_importance
fractal_dimension_se,0.0007064707662845504
texture_worst,0.0020154817996787143
texture_mean,0.0034941071707840056
smoothness_mean,0.004857858706300238
smoothness_worst,0.009578273794849707
radius_worst,0.014314825571340534
area_mean,0.025528762744823554
concavity_worst,0.07301448068361396
area_worst,0.0761515985766565
concave points_mean,0.08391985565769351
area_se,0.1263865111336167
perimeter_worst,0.1306486492153257
concave points_worst,0.13649507016197976
