feature,mean_importance
fractal_dimension_se,-4.50745721420287e-05
smoothness_mean,0.0
texture_worst,0.005435504503568223
smoothness_worst,0.005660532888467887
texture_mean,0.008898463559913408
area_worst,0.03280926855534429
perimeter_worst,0.07279924020916134
concavity_worst,0.0908475943440204
area_se,0.13829943802272396
radius_worst,0.15862580185289757
concave points_mean,0.17606218561762332
concave points_worst,0.19917819368421247
area_mean,0.2326123885899259
