feature,mean_importance
fractal_dimension_se,-0.0007484679648738557
smoothness_mean,0.004395324576656834
texture_mean,0.007943336154916408
texture_worst,0.01072278763567824
smoothness_worst,0.012589139338052294
radius_worst,0.03767458863155117
area_mean,0.05265937412458419
area_worst,0.05559563095288485
concave points_mean,0.08590591845093058
area_se,0.09076248556575198
perimeter_worst,0.10068199648255935
concave points_worst,0.10772417869747666
concavity_worst,0.1185263432354295
